{
  "name": "afterboards-test.predictions",
  "n_segments": 52,
  "n_vertices": 20484,
  "dtype": "float32",
  "endianness": "little",
  "min": -0.769091010093689,
  "max": 1.126847505569458,
  "mean": 0.09553547203540802,
  "p01": -0.3111230432987213,
  "p99": 0.605523943901062
}