{
  "name": "stim2.predictions",
  "n_segments": 25,
  "n_vertices": 20484,
  "dtype": "float32",
  "endianness": "little",
  "min": -0.7421001195907593,
  "max": 0.8396031856536865,
  "mean": 0.04770136624574661,
  "p01": -0.20857477188110352,
  "p99": 0.4154406189918518
}