{
  "name": "stim.predictions",
  "n_segments": 25,
  "n_vertices": 20484,
  "dtype": "float32",
  "endianness": "little",
  "min": -0.7797685861587524,
  "max": 1.1321319341659546,
  "mean": 0.07409603148698807,
  "p01": -0.22856611013412476,
  "p99": 0.66581130027771
}