{
  "name": "text.predictions",
  "n_segments": 24,
  "n_vertices": 20484,
  "dtype": "float32",
  "endianness": "little",
  "min": -0.761279821395874,
  "max": 0.9120739698410034,
  "mean": 0.05493076145648956,
  "p01": -0.3037962019443512,
  "p99": 0.49389320611953735
}